peringkat_peluang,judul_posisi,penyelenggara,lokasi,lokasi_detail,tingkat_pendidikan,program_studi,hari_kerja_per_minggu,hari_libur,kuota,jumlah_pelamar,deskripsi,kualifikasi,skill_yang_didapat,url,status_scraping,jumlah_percobaan,error,rasio_pelamar_per_kuota,estimasi_peluang_sederhana_persen,kategori_persaingan,kota_filter,city_id_filter,tanggal_scraping
1,Staf Officer Anggaran,Panduan FAQ Pendaftaran Masuk Beranda Lowongan Magang Detail Lowongan Batch 1 · 2026 Staf Officer Anggaran Semen Padang Kota Padang 5 hari/minggu Sarjana,Kota Padang,"Plaza Lantai 4, Kelurahan Indarung, Indarung, Kec. Lubuk Kilangan, Kota Padang, Sumatera Barat 25157, Indonesia Alamat detail dikasih setelah lamaranmu diterima.",Sarjana,: Teknik Informatika,5,Sabtu Minggu,1,4,"PemahanPengembangan Aplikasi Anggaran dan Evaluasi Kinerja, Selama enam bulan, peserta diharapkan menghasilkan:Minimal 2–4 fitur baru sesuai kebutuhan Unit Anggaran dan Evaluasi Kinerja.-Perbaikan bug dan peningkatan kualitas aplikasi.-Optimasi performa aplikasi (database, query, atau antarmuka).-Dokumentasi perubahan sistem (change log).-Dokumentasi teknis untuk pengembang.-Laporan hasil pengujian.-Laporan akhir magang beserta presentasi hasil pengembangan.",,"Pengembangan Aplikasi Anggaran dan Evaluasi Kinerja- Teknik Infomatika (6 materi) Pengenalan organisasi, proses bisnis, dan arsitektur aplikasi Teori Bulan ke-1 1–1 hari - Memahami proses bisnis unit - Instalasi development environment - Mempelajari struktur source code, database, dan alur aplikasi Analisis kebutuhan pengembangan Teori Bulan ke-2 1–1 hari Dokumen analisis pengembangan dan rencana implementasi Implementasi modul prioritas Praktik Bulan ke-3 1–1 hari Modul/Fitur pertama selesai dan terdokumentasi Integrasi dan optimasi Praktik Bulan ke-4 1–1 hari Fitur lanjutan terintegrasi dan stabil Pengujian aplikasi Praktik Bulan ke-5 1–1 hari Laporan pengujian, aplikasi versi release candidateLaporan pengujian, aplikasi versi release candidate Penyelesaian proyek Praktik Bulan ke-6 1–1 hari Aplikasi versi final, dokumentasi lengkap, dan presentasi hasil magang",https://maganghub.kemnaker.go.id/magang-nasional/lowongan/staf-officer--anggaran-a240f173-d615-4f21-8fcf-fdf502402930,Berhasil,1,,4.0,25.0,Relatif rendah,Kota Padang,6cb4070a-fb44-4596-9d6c-2e76c8dd15e7,2026-07-25 22:16:05
2,PROGRAMMER,"Panduan FAQ Pendaftaran Masuk Beranda Lowongan Magang Detail Lowongan Batch 1 · 2026 PROGRAMMER Regina Cahaya Insani Kota Padang 6 hari/minggu Sarjana, Diploma",Kota Padang,"Jl. H. Agus Salim No.11A, Sawahan, Kec. Padang Tim., Kota Padang, Sumatera Barat, Indonesia Alamat detail dikasih setelah lamaranmu diterima.","Diploma, Sarjana",": Teknik Informatika, Sistem informasi",6,Minggu,1,5,"Mengembangkan dan memelihara aplikasi SIMRS berbasis Laravel.Membuat fitur baru sesuai kebutuhan operasional rumah sakit.Mengintegrasikan aplikasi dengan layanan eksternal (BPJS, SATUSEHAT, WhatsApp Gateway, dll.).Memastikan keamanan dan performa aplikasi.Melakukan dokumentasi dan pengujian sistem.Memberikan dukungan teknis kepada pengguna.Nilai TambahBerpengalaman mengembangkan Sistem Informasi Rumah Sakit (SIMRS).Memahami alur pelayanan rumah sakit (pendaftaran, rawat jalan, rawat inap, farmasi, laboratorium, radiologi, kasir, rekam medis).Memahami standar kesehatan seperti ICD-10, INA-CBG, SATUSEHAT, BPJS, atau bridging VClaim.Menguasai Laravel Livewire, Vue.js, atau React.Memiliki pengalaman integrasi API pihak ketiga.Memahami Linux Server, Nginx/Apache, dan deployment aplikasi.",,KURIKULUM PEMAGANGAN PROGRAMMER (6 materi) ORIENTASI DAN PENGENALAN Teori Bulan ke-1 15–30 hari Materi • Pengenalan perusahaan/instansi • Budaya kerja dan etika profesi • Keselamatan dan kesehatan kerja (K3) • Peraturan perusahaan • Pengenalan teknologi informasi • Konsep dasar pemrograman • Algoritma dan logika pemrograman • Pengenalan basis data • Dokumentasi pekerjaan Target Kompetensi • Memahami lingkungan kerja. • Memahami proses pengembangan aplikasi. • Mengenal perangkat dan aplikasi pendukung pekerjaan. ________________________________________ DASAR PENGEMBANGAN PROGRAM Praktik Bulan ke-2 15–30 hari Materi • Analisis kebutuhan sistem • Perancangan program • Struktur program • Pengolahan data • Penggunaan basis data • Antarmuka pengguna (User Interface) • Dokumentasi kode program Target Kompetensi • Mampu membuat program sederhana. • Memahami hubungan aplikasi dengan basis data PENGEMBANGAN APLIKASI Praktik Bulan ke-3 15–30 hari Materi • Pengembangan modul aplikasi • Pengelolaan data • Validasi data • Pengolahan transaksi • Pembuatan laporan • Integrasi antar modul • Pengelolaan perubahan program Target Kompetensi • Mampu mengembangkan bagian dari suatu aplikasi. • Mampu bekerja sesuai standar pengembangan perangkat lunak. PENGUJIAN DAN PERBAIKAN Praktik Bulan ke-4 15–30 hari Materi • Pengujian aplikasi • Identifikasi kesalahan (bug) • Perbaikan program • Optimasi aplikasi • Keamanan dasar aplikasi • Backup dan pemulihan data • Dokumentasi hasil pengujian Target Kompetensi • Mampu melakukan pengujian dan perbaikan aplikasi. • Memastikan aplikasi berjalan sesuai kebutuhan pengguna IMPLEMENTASI DAN PEMELIHARAAN Praktik Bulan ke-5 15–30 hari Materi • Implementasi aplikasi • Pendampingan pengguna • Pemeliharaan aplikasi • Penanganan keluhan pengguna • Monitoring sistem • Pembaruan aplikasi • Penyusunan laporan pekerjaan Target Kompetensi • Mampu membantu implementasi aplikasi. • Mampu melakukan pemeliharaan sistem. PRAKTIK MANDIRI DAN EVALUASI Praktik Bulan ke-6 15–30 hari Materi • Penyelesaian proyek • Penyusunan dokumentasi akhir • Presentasi hasil pekerjaan • Evaluasi kompetensi • Pengembangan profesional • Persiapan memasuki dunia kerja Target Kompetensi • Mampu menyelesaikan pekerjaan secara mandiri dengan bimbingan minimal. • Mampu menyusun laporan dan mempresentasikan hasil pekerjaan.,https://maganghub.kemnaker.go.id/magang-nasional/lowongan/programmer-a242d4c9-ec9a-41c0-bbc0-f80602c04d78,Berhasil,1,,5.0,20.0,Relatif rendah,Kota Padang,6cb4070a-fb44-4596-9d6c-2e76c8dd15e7,2026-07-25 22:16:05
3,IT,Panduan FAQ Pendaftaran Masuk Beranda Lowongan Magang Detail Lowongan Batch 1 · 2026 IT Restu Ibu Meditama Kota Padang 6 hari/minggu Sarjana,Kota Padang,"Jl. Terandam No.5-7, Sawahan, Kec. Padang Tim., Kota Padang, Sumatera Barat 25133, Indonesia Alamat detail dikasih setelah lamaranmu diterima.",Sarjana,": Ilmu Komputer, Pendidikan Komputer",6,Minggu,1,6,"URAIAN TUGAS DAN TANGGUNG JAWABPESERTA PEMAGANGAN TEKNOLOGI INFORMASI (IT)URAIAN TUGAS :Peserta pemagangan di bagian Teknologi Informasi (IT) akan terlibat dalam kegiatan pengelolaan sistem informasi, jaringan, dan perangkat teknologi yang mendukung operasional institusi. Pemagangan ini bertujuan untuk memberikan pengalaman praktis dalam pengembangan, pemeliharaan, dan keamanan sistem informasi, serta penerapan teknologi digital dalam pelayanan publik, pendidikan, maupun kesehatan. Selama masa pemagangan, peserta akan mempelajari alur kerja tim IT dalam mengelola infrastruktur teknologi, termasuk instalasi perangkat keras (hardware), pemeliharaan perangkat lunak (software), serta pengelolaan jaringan komputer dan internet. Peserta juga akan terlibat dalam pemantauan sistem informasi manajemen (seperti SIMRS di rumah sakit atau sistem akademik di perguruan tinggi), serta membantu dalam penyelesaian masalah teknis (troubleshooting) yang muncul di unit kerja.Selain aspek teknis, peserta juga diperkenalkan pada keamanan data dan privasi informasi, termasuk pelaksanaan kebijakan perlindungan data pengguna dan sistem pencadangan (backup system). Peserta dapat pula dilibatkan dalam pengembangan aplikasi sederhana, pembuatan laporan berbasis data, atau desain konten digital untuk kebutuhan internal RS.TANGGUNG JAWAB :1. Membantu tim IT dalam pemeliharaan dan perbaikan perangkat keras, jaringan, serta sistem komputer.2. Melakukan instalasi, pembaruan, dan konfigurasi perangkat lunak sesuai kebutuhan unit kerja.3. Membantu pemantauan performa jaringan dan keamanan sistem agar tetap stabil dan aman.4. Mendukung kegiatan administrasi IT, termasuk dokumentasi aset teknologi dan pelaporan kegiatan pemeliharaan.5. Menangani permintaan pengguna (user support) dan membantu penyelesaian masalah teknis secara cepat dan tepat.6. Membantu proses backup dan restore data secara berkala sesuai prosedur keamanan informasi.7. Mengikuti arahan pembimbing dalam kegiatan pengembangan aplikasi, sistem database, atau digitalisasi dokumen.8. Menjaga kerahasiaan data, integritas sistem, dan menerapkan etika profesional di bidang teknologi informasi.",,"TEKNOLOGI INFORMASI (IT) (6 materi) Pengenalan Sistem Informasi Rumah Sakit (SIRS). Teori Bulan ke-1 1–1 hari o Orientasi teknologi informasi di rumah sakit o Pengenalan Sistem Informasi Rumah Sakit (SIRS) o Hak akses (user account) dan keamanan password o Kebijakan keamanan informasi o Dasar penggunaan komputer dalam pelayanan kesehatan. Pengoperasian Rekam Medis Elektronik (Electronic Medical Record/EMR). Praktik Bulan ke-2 1–1 hari o Login dan navigasi EMR. o Entri identitas pasien. o Dokumentasi asuhan keperawatan elektronik. o Input tanda vital dan tindakan keperawatan. o Koreksi dan validasi data Dokumentasi Digital dan Keamanan Informasi. Praktik Bulan ke-3 1–1 hari o Kerahasiaan rekam medis elektronik. o Keamanan data pasien (Cyber Security Awareness). o Backup dan penyimpanan data. o Audit trail sistem informasi. o Etika penggunaan teknologi informasi Pemanfaatan Teknologi Informasi dalam Pelayanan Keperawatan. Praktik Bulan ke-4 1–1 hari o Computerized Physician Order Entry (CPOE). o Hasil laboratorium dan radiologi online. o Pelaporan insiden keselamatan pasien elektronik. o Dashboard pelayanan o Komunikasi digital antarprofesi Pelaporan, Analisis Data, dan Peningkatan Mutu. Praktik Bulan ke-5 1–1 hari o Pengolahan data pelayanan. o Microsoft Excel dasar o Penyusunan laporan elektronik o Indikator mutu pelayanan o Analisis data sederhana. Integrasi Teknologi Informasi dalam Pelayanan Rumah Sakit. Praktik Bulan ke-6 1–1 hari o Integrasi SIRS dengan unit pelayanan. o Telemedicine o Digital Health o Artificial Intelligence (AI) dalam pelayanan kesehatan o Big Data dan Internet of Things (IoT) o Evaluasi kompetensi penggunaan sistem informasi",https://maganghub.kemnaker.go.id/magang-nasional/lowongan/it-a2374128-887c-4492-8729-dc94ed318dd5,Berhasil,1,,6.0,16.67,Sedang,Kota Padang,6cb4070a-fb44-4596-9d6c-2e76c8dd15e7,2026-07-25 22:16:05
4,SIMRS IT,Panduan FAQ Pendaftaran Masuk Beranda Lowongan Magang Detail Lowongan Batch 1 · 2026 SIMRS IT Kamardi Isye Famili Kota Padang 6 hari/minggu Sarjana,Kota Padang,"Jl. Aur No.8, Ujung Gurun, Kec. Padang Bar., Kota Padang, Sumatera Barat 25142, Indonesia Alamat detail dikasih setelah lamaranmu diterima.",Sarjana,": Teknik Informatika, Teknologi Rekayasa Perangkat Lunak, Sistem Dan Teknologi Informasi, Rekayasa Perangkat Lunak, sistem informasi",6,Minggu,2,12,Maintenance Jaringan dan koneksi Internet Maintenance hardware komputer Update / install perangkat komputer Melakukan Monitoring dan tata laksana CCTV Pengembangan dan Maintenance SIMRS Membuat Panduan dan Standar Prosedur Operasional (SPO) yang berhubungan dengan SIMRS Membuat dokumentasi pengembangan modul SIMRS Troubleshoot Memberikan transfer knowledge kepada petugas yang telah di tunjuk oleh rumah sakit,,"Posisi IT (6 materi) Bulan I – Orientasi dan Pengenalan Sistem Teknologi Informasi Teori Bulan ke-1 1–30 hari Pada bulan pertama, peserta mengikuti orientasi rumah sakit dan bagian Information Technology (IT) yang meliputi pengenalan visi dan misi rumah sakit, struktur organisasi, budaya kerja, tata tertib, Standar Operasional Prosedur (SOP), serta fungsi dan peran IT dalam mendukung pelayanan rumah sakit. Peserta mempelajari Sistem Informasi Manajemen Rumah Sakit (SIMRS), pengenalan perangkat keras dan perangkat lunak, dasar-dasar jaringan komputer, server, keamanan informasi, serta melakukan observasi terhadap proses pelayanan IT dan pendampingan mentor dalam kegiatan operasional sehari-hari. Bulan II – Pendampingan Pemeliharaan Infrastruktur dan IT Support Praktik Bulan ke-2 1–30 hari Pada bulan kedua, peserta mulai mendampingi pelaksanaan pemeliharaan perangkat teknologi informasi, meliputi instalasi dan konfigurasi komputer, printer, aplikasi, serta perangkat pendukung lainnya. Peserta mempelajari penanganan gangguan (troubleshooting) perangkat keras, perangkat lunak, jaringan, dan SIMRS, melakukan dokumentasi pekerjaan, serta memberikan layanan IT Helpdesk kepada pengguna di bawah supervisi mentor Bulan III – Pengembangan Aplikasi dan Pengelolaan Database Praktik Bulan ke-3 1–30 hari Pada bulan ketiga, peserta mulai mempelajari proses analisis kebutuhan sistem, pengembangan aplikasi berbasis web, pengujian aplikasi, serta dokumentasi sistem. Selain itu, peserta memperoleh pembelajaran mengenai pengelolaan database, meliputi pengolahan data, administrasi database, pengelolaan hak akses, pencadangan (backup), pemulihan (restore), serta penerapan keamanan database sesuai kebutuhan operasional rumah sakit. Bulan IV – Administrasi Jaringan dan Server Praktik Bulan ke-4 1–30 hari Pada bulan keempat, peserta mempelajari administrasi jaringan komputer dan server yang meliputi konfigurasi dasar, pemantauan kinerja jaringan, pengelolaan layanan server, administrasi pengguna, pemeliharaan sistem, serta identifikasi dan penanganan gangguan (troubleshooting) jaringan maupun server. Peserta juga melakukan dokumentasi konfigurasi serta monitoring infrastruktur teknologi informasi rumah sakit. Bulan V – Praktik Mandiri Terbimbing Praktik Bulan ke-5 1–30 hari Pada bulan kelima, peserta melaksanakan tugas secara lebih mandiri dengan supervisi minimal dari mentor. Kegiatan meliputi pemeliharaan perangkat teknologi informasi, pengelolaan SIMRS, pengembangan dan pemeliharaan aplikasi, pengelolaan database, administrasi jaringan dan server, penyelesaian gangguan teknologi informasi, penyusunan dokumentasi teknis, serta koordinasi dengan pengguna dan unit terkait dalam mendukung operasional rumah sakit. Bulan VI – Pemantapan Kompetensi dan Evaluasi Akhir Praktik Bulan ke-6 1–30 hari Pada bulan terakhir, peserta diharapkan mampu melaksanakan tugas sebagai Staf IT sesuai Standar Operasional Prosedur (SOP) rumah sakit dengan supervisi minimal. Peserta bertanggung jawab dalam pengelolaan perangkat teknologi informasi, pengembangan aplikasi, administrasi database, jaringan komputer, server, SIMRS, layanan IT Helpdesk, serta penyusunan laporan kegiatan. Di akhir program dilakukan evaluasi melalui penilaian logbook, observasi praktik kerja, penilaian sikap kerja, uji teori, uji praktik kompetensi, presentasi hasil kegiatan, dan evaluasi akhir oleh mentor sebagai dasar penetapan kelulusan program pemagangan.",https://maganghub.kemnaker.go.id/magang-nasional/lowongan/simrs-it-a236e6f8-cded-4796-b9e1-8c51354594c9,Berhasil,1,,6.0,16.67,Sedang,Kota Padang,6cb4070a-fb44-4596-9d6c-2e76c8dd15e7,2026-07-25 22:16:05
5,Programmer,"Panduan FAQ Pendaftaran Masuk Beranda Lowongan Magang Detail Lowongan Batch 1 · 2026 Programmer Universitas Andalas Sekretariat Utama Kementerian Riset, Teknologi Kota Padang 5 hari/minggu Diploma, Sarjana",Kota Padang,"3FH4+6P Universitas Andalas, Jl. Limau Manis Komplek Kampus, Limau Manis, Kec. Pauh, Kota Padang, Sumatera Barat 25176, Indonesia Alamat detail dikasih setelah lamaranmu diterima.","Diploma, Sarjana",": Teknik Informatika, Ilmu Komputer, Sistem Informasi, Manajemen Informatika",5,Sabtu Minggu,3,20,"Melaksanakan analisis kebutuhan sistem, pengembangan aplikasi berbasis web, pengelolaan basis data, serta implementasi dan pemeliharaan Sistem Informasi Manajemen Rumah Sakit (SIMRS). Peserta berfokus pada pengembangan aplikasi bidang SDM, akuntansi, dan keuangan, termasuk integrasi sistem melalui Application Programming Interface (API), pengujian aplikasi, penyusunan dokumentasi teknis, serta pemberian dukungan teknis kepada pengguna sesuai prinsip keamanan informasi dan kerahasiaan data.",,"Kurikulum Pengembangan dan Implementasi Sistem Informasi Manajemen Rumah Sakit (SIMRS) (6 materi) Struktur organisasi, tata tertib, budaya kerja rumah sakit, orientasi Unit SIMRS, tata kelola TI, dan arsitektur Sistem Informasi Manajemen Rumah Sakit (SIMRS) Teori Bulan ke-1 14–30 hari Orientasi rumah sakit, visi misi, budaya kerja, struktur organisasi, pengenalan Unit SIMRS, tata kelola teknologi informasi rumah sakit, arsitektur SIMRS, alur proses bisnis pelayanan rumah sakit, regulasi keamanan informasi, kerahasiaan data pasien, penggunaan server dan lingkungan pengembangan, serta pendampingan unit kerja. Analisis Kebutuhan Sistem, Perancangan Aplikasi, dan Pengelolaan Database Teori Bulan ke-2 14–30 hari Analisis kebutuhan pengguna (requirement gathering), pemodelan proses bisnis, penyusunan spesifikasi sistem, perancangan aplikasi berbasis web, perancangan basis data (database design), normalisasi database, penyusunan ERD, serta pengelolaan database untuk mendukung pengembangan SIMRS. Pengembangan Aplikasi Berbasis Web dan Integrasi API Praktik Bulan ke-3 20–30 hari Pengembangan modul aplikasi SIMRS, penerapan coding standard, integrasi database, pengembangan dan integrasi Application Programming Interface (API) dengan sistem internal maupun eksternal (BPJS, SATUSEHAT, dan layanan lain sesuai implementasi rumah sakit), pengelolaan autentikasi, serta pengujian fungsi integrasi sistem. Implementasi, Pengujian, dan Pemeliharaan SIMRS Praktik Bulan ke-4 20–30 hari Implementasi aplikasi ke lingkungan operasional, unit testing, integration testing, user acceptance testing (UAT), identifikasi dan perbaikan bug, maintenance sistem, optimasi performa aplikasi, pengelolaan version control, serta monitoring kinerja sistem informasi rumah sakit. Dokumentasi Teknis, Keamanan Informasi, dan Dukungan Pengguna Praktik Bulan ke-5 20–30 hari Penyusunan dokumentasi teknis aplikasi, dokumentasi API, dokumentasi database, penerapan keamanan informasi (information security), manajemen hak akses pengguna, pencadangan (backup) dan pemulihan (recovery) data, penyelesaian insiden (troubleshooting), pelatihan pengguna, serta penyusunan panduan penggunaan aplikasi. Pengembangan SIMRS Berkelanjutan, Evaluasi Kompetensi, dan Proyek Implementasi Praktik Bulan ke-6 20–30 hari Implementasi peningkatan mutu sistem informasi rumah sakit, evaluasi kebutuhan pengembangan SIMRS, penyusunan proyek pengembangan aplikasi, presentasi hasil implementasi, evaluasi kompetensi, penyusunan rencana pengembangan sistem, serta penerapan praktik terbaik (best practice) dalam pengelolaan SIMRS yang aman, andal, dan berkelanjutan.",https://maganghub.kemnaker.go.id/magang-nasional/lowongan/programmer-a2418c02-4023-47e8-8fee-53549b078c43,Berhasil,1,,6.67,15.0,Sedang,Kota Padang,6cb4070a-fb44-4596-9d6c-2e76c8dd15e7,2026-07-25 22:16:05
6,Asisten Instruktur Elektronika,"Panduan FAQ Pendaftaran Masuk Beranda Lowongan Magang Detail Lowongan Batch 1 · 2026 Asisten Instruktur Elektronika BPVP Padang Kota Padang 5 hari/minggu Diploma, Sarjana",Kota Padang,"Sei Balang, Bandar Buat, Kota Padang Alamat detail dikasih setelah lamaranmu diterima.","Diploma, Sarjana",": Teknik Informatika, Ilmu Komputer, Teknik Elektro, Teknologi Elektronika",5,Sabtu Minggu,1,7,"Membantu mengajar dan mengelola jaringan komputer dan lingkungan komputasi terkait perangkat keras komputer, perangkat lunak sistem, perangkat lunak aplikasi, dan semua konfigurasi agar jaringan berfungsi dengan baik",,"Asisten Instruktur Elektronika (6 materi) Pengenalan kejuruan Teori Bulan ke-1 1–30 hari Mengenal semua kejuruan di balai, program pelatihannya, struktur organisasinya, beserta tugas pokok jabatan fungsional instruktur Memelihara dan merawat peralatan workshop Praktik Bulan ke-2 1–30 hari Memelihara kebersihan workshop , peralatan pelatihan, membiasakan budaya 5S area balai dan workshop elektronika, memperbaiki peralatan workshop elektronika yang rusak ringan Pengenalan dan menyusun rencana pembelajaran Praktik Bulan ke-3 1–30 hari Menyusun sesion plant, bahan ajar, jobsheet untuk kebutuhan mengajar bagi seorang instruktur Latihan mengajar Praktik Bulan ke-4 1–30 hari Latihan mengajar didepan isntruktur / mikroteaching dengan materi ajar yang sudah diselesaikan Pengenalan mengembangkan program pelatihan Praktik Bulan ke-5 1–30 hari Membuat program pelatihan terbaru untuk kejuruan elektronika Pengenalan Asesor Kompetensi Teori Bulan ke-6 1–30 hari Pengenalan tugas-tugas asesor kompetensi di balai",https://maganghub.kemnaker.go.id/magang-nasional/lowongan/asisten-instruktur-elektronika-a24378f4-800e-48aa-9d3a-d2a6bec8682d,Berhasil,1,,7.0,14.29,Sedang,Kota Padang,6cb4070a-fb44-4596-9d6c-2e76c8dd15e7,2026-07-25 22:16:05
7,IT Programer,"Panduan FAQ Pendaftaran Masuk Beranda Lowongan Magang Detail Lowongan Batch 1 · 2026 IT Programer Ayunda Mutiara Medika Kota Padang 6 hari/minggu Diploma, Sarjana",Kota Padang,"Jl. S. Parman No.142, Ulak Karang Sel., Kec. Padang Utara, Kota Padang, Sumatera Barat 25136, Indonesia Alamat detail dikasih setelah lamaranmu diterima.","Diploma, Sarjana",": Teknik Informatika, Teknologi Informasi, Sistem Dan Teknologi Informasi, Teknik Komputer Dan Jaringan, Teknik Komputer",6,Minggu,2,15,"Membantu pengembangan, pemeliharaan, dan perbaikan aplikasi atau sistem informasi rumah sakit. Membantu melakukan pengujian (testing) dan dokumentasi program yang dibuat atau dikembangkan. Membantu penginputan, pengolahan, dan pengelolaan data pada sistem informasi sesuai kebutuhan unit kerja. Membantu pemeliharaan perangkat lunak dan mendukung penyelesaian permasalahan teknis pengguna (troubleshooting). Menjaga keamanan, kerahasiaan, dan integritas data serta sistem informasi rumah sakit. Menerapkan prosedur Keselamatan dan Kesehatan Kerja (K3) serta standar operasional yang berlaku. Melaksanakan tugas sesuai arahan pembimbing dan ketentuan yang berlaku di rumah sakit.",,"IT Programer (12 materi) Orientasi Rumah Sakit dan Unit IT Teori Bulan ke-1 2–3 hari Memahami organisasi, budaya kerja, dan tata tertib rumah sakit Pengelolaan Basis Data Praktik Bulan ke-2 10–14 hari Membuat query, backup, dan pengelolaan data sederhana Pengembangan Aplikasi Internal Praktik Bulan ke-3 10–14 hari Membantu pembuatan atau pengembangan fitur aplikasi Testing dan Debugging Praktik Bulan ke-4 10–14 hari Melakukan pengujian dan perbaikan kesalahan program Keamanan Informasi dan Kerahasiaan Data Pasien Praktik Bulan ke-5 10–14 hari Memahami keamanan data dan etika penggunaan informasi Penyusunan Proyek dan Laporan Akhir Praktik Bulan ke-6 10–28 hari Menyusun proyek akhir dan mempresentasikan hasil magang Pengenalan SIMRS Praktik Bulan ke-1 10–14 hari Memahami modul dan alur sistem informasi rumah sakit Unit Praktik Bulan ke-1 7–10 hari praktek Dasar Pemrograman dan Standar Coding Praktik Bulan ke-2 10–14 hari Menerapkan standar penulisan kode program yang baik Penggunaan Framework dan Tools Praktik Bulan ke-3 10–14 hari Mengoperasikan framework atau tools yang digunakan rumah sakit Dokumentasi Sistem Praktik Bulan ke-4 10–14 hari Membuat dokumentasi teknis dan panduan pengguna Pemeliharaan dan Support Sistem Praktik Bulan ke-5 10–14 hari Sistem Membantu pemeliharaan aplikasi dan penanganan masalah pengguna",https://maganghub.kemnaker.go.id/magang-nasional/lowongan/it-programer-a228f249-2758-4007-a857-190f2065c8b1,Berhasil,1,,7.5,13.33,Sedang,Kota Padang,6cb4070a-fb44-4596-9d6c-2e76c8dd15e7,2026-07-25 22:16:05
8,Maganghub PT Pegadaian (Persero) Kantor Area Padang,Panduan FAQ Pendaftaran Masuk Beranda Lowongan Magang Detail Lowongan Batch 1 · 2026 Maganghub PT Pegadaian (Persero) Kantor Area Padang PT Pegadaian Kantor Wilayah II Pekanbaru Kota Padang 6 hari/minggu Sarjana,Kota Padang,"Jl. Proklamasi No.22, Alang Laweh, Kec. Padang Sel., Kota Padang, Sumatera Barat 25121, Indonesia Alamat detail dikasih setelah lamaranmu diterima.",Sarjana,": Teknik Informatika, Komputer Grafis, Teknik Komputer",6,Minggu,2,15,"Peserta magang dengan latar belakang Teknik Informatika/Komputer akan bertugas dalam mendukung aspek Desain Grafis dan Pengolahan Data operasional. Di bidang kreatif, meliputi pembuatan aset komunikasi visual seperti flyer digital, konten media sosial, infografis, serta materi presentasi untuk mendukung promosi produk Pegadaian dan event literasi keuangan di wilayah Batam. Sementara di bidang data, peserta akan bertugas mengolah raw data kinerja perusahaan, menyusun dashboard performa bulanan menggunakan Excel atau platform visualisasi, serta membantu automasi administrasi IT guna memastikan pelaporan data ke kantor area berjalan cepat, akurat, dan terstruktur.",,"Maganghub PT Pegadaian (Persero) Kantor Area Padang (6 materi) Orientasi Perusahaan, Budaya Kerja & Proses Bisnis dan Layanan Pegadaian Teori Bulan ke-1 24–26 hari Mengenal profil PT Pegadaian, visi dan misi, struktur organisasi, budaya AKHLAK BUMN, tata tertib perusahaan, keselamatan dan kesehatan kerja (K3), serta memahami tugas dan fungsi unit kerja tempat magang, Mempelajari proses bisnis PT Pegadaian, produk dan layanan (gadai, pembiayaan, tabungan emas, investasi emas, dan layanan digital), serta standar operasional prosedur (SOP) dalam pelayanan kepada nasabah. Administrasi dan Pengelolaan Data 1 Praktik Bulan ke-2 24–26 hari Melakukan pengarsipan dokumen, mengelola data administrasi, menggunakan aplikasi perkantoran (Microsoft Word dan Excel dan aplikasi lainnya), menyusun laporan sederhana, serta menjaga kerahasiaan data perusahaan. Administrasi dan Pengelolaan Data 2 Praktik Bulan ke-3 24–26 hari Melakukan pengarsipan dokumen, mengelola data administrasi, menggunakan aplikasi perkantoran (Microsoft Word dan Excel dan aplikasi lainnya), menyusun laporan sederhana, serta menjaga kerahasiaan data perusahaan. Implementasi Pekerjaan Lanjutan Praktik Bulan ke-4 24–26 hari Terlibat langsung dalam kegiatan sesuai departemen, membantu pelaksanaan administrasi dan pelayanan, melakukan monitoring pekerjaan, serta memahami penyelesaian kendala yang terjadi di lapangan. Pengembangan Kompetensi dan Inovasi Kerja Praktik Bulan ke-5 24–26 hari Menerapkan kemampuan komunikasi, kerja sama tim, pelayanan prima (service excellence), problem solving, serta memberikan usulan atau ide perbaikan terhadap proses kerja yang lebih efektif dan efisien. Evaluasi, Penyusunan Laporan, dan Presentasi Hasil Magang Praktik Bulan ke-6 24–26 hari Menyusun laporan akhir magang, mendokumentasikan hasil kegiatan dan capaian kompetensi, melakukan evaluasi bersama pembimbing, serta mempresentasikan hasil magang kepada pihak perusahaan.",https://maganghub.kemnaker.go.id/magang-nasional/lowongan/maganghub-pt-pegadaian-persero-kantor-area-padang-a240f359-c87b-4071-bd4a-4acda9d53a6c,Berhasil,1,,7.5,13.33,Sedang,Kota Padang,6cb4070a-fb44-4596-9d6c-2e76c8dd15e7,2026-07-25 22:16:05
9,Asisten Pranata Komputer,"Panduan FAQ Pendaftaran Masuk Beranda Lowongan Magang Detail Lowongan Batch 1 · 2026 Asisten Pranata Komputer BPS Kota Padang Kota Padang 5 hari/minggu Diploma, Sarjana",Kota Padang,"Jl. By Pass No.Km.13, Sungai Sapih, Kec. Kuranji, Kota Padang, Sumatera Barat 25159, Indonesia Alamat detail dikasih setelah lamaranmu diterima.","Diploma, Sarjana",": Teknologi Informasi, Ilmu Komputer, Sistem Informasi, Teknik informatika, Teknik Komputer",5,Sabtu Minggu,1,9,"Membantu pengelolaan sistem teknologi informasi, termasuk pemeliharaan perangkat keras dan lunak, dukungan teknis pengguna, pengelolaan jaringan, serta membantu pengembangan aplikasi sederhana.",,"Kurikulum Teknologi Informasi dan Dukungan Sistem (6 materi) Infrastruktur TI BPS Teori Bulan ke-1 1–8 hari Memahami perangkat keras, jaringan, keamanan informasi, dan sistem informasi BPS. Dasar Pengembangan Aplikasi Teori Bulan ke-2 1–8 hari Mempelajari dasar basis data, pemrograman sederhana, dan pengembangan aplikasi. Dukungan Helpdesk TI Praktik Bulan ke-3 1–8 hari Membantu penyelesaian permasalahan perangkat keras maupun perangkat lunak. Pengelolaan Basis Data Praktik Bulan ke-4 1–8 hari Membantu pengelolaan database dan administrasi sistem informasi. Pengembangan Aplikasi Sederhana Praktik Bulan ke-5 1–8 hari Membuat fitur sederhana atau dashboard pendukung pekerjaan unit. Dokumentasi Sistem Praktik Bulan ke-6 1–8 hari Menyusun dokumentasi teknis dan laporan pengembangan sistem.",https://maganghub.kemnaker.go.id/magang-nasional/lowongan/asisten-pranata-komputer-a23fa430-db6b-4a91-91b8-8c77dfc04619,Berhasil,1,,9.0,11.11,Sedang,Kota Padang,6cb4070a-fb44-4596-9d6c-2e76c8dd15e7,2026-07-25 22:16:05
10,Rumpun Pengelolaan HC & Pengembangan Talent,"Panduan FAQ Pendaftaran Masuk Beranda Lowongan Magang Detail Lowongan Batch 1 · 2026 Rumpun Pengelolaan HC & Pengembangan Talent PT. Bank Rakyat Indonesia (Persero) Tbk Kota Padang 5 hari/minggu Diploma, Sarjana",Kota Padang,"Jl. Bgd. Aziz Chan No.30, Sawahan, Kec. Padang Tim., Kota Padang, Sumatera Barat 25133, Indonesia Alamat detail dikasih setelah lamaranmu diterima.","Diploma, Sarjana",": Administrasi, Ilmu Kesehatan Masyarakat, Ekonomi, Sistem Informasi, Hukum",5,Sabtu Minggu,11,100,"Membantu administrasi pengelolaan data pekerja dan program pengembangan talent (learning), mendukung proses koordinasi pelaksanaan rekrutmen atau pelatihan wilayah, serta melakukan pengarsipan dokumen kepegawaian secara digital.",,"Kurikulum Administrasi Perkantoran & Arsip Digital (6 materi) Administrasi arsip dan modeling data Teori Bulan ke-1 1–10 hari Pembekalan dasar mengenai tata kelola administrasi dokumen kantor, pengenalan sistem kearsipan perbankan, serta pemanfaatan tools spreadsheet (Excel) untuk pengelolaan, penyaringan, dan modeling data dasar departemen. Manajemen Dokumen Digital & Sistem Informasi Teori Bulan ke-2 5–10 hari Praktik digitalisasi dokumen fisik, pengarsipan elektronik (e-filing), serta penggunaan aplikasi internal perusahaan untuk alur surat-menyurat dan disposisi kerja antar-unit. Penyusunan Laporan dan Pengolahan Data Departemen Praktik Bulan ke-3 5–10 hari Pelatihan menyusun draf laporan kinerja bulanan departemen, melakukan verifikasi kelengkapan berkas/data, serta mengidentifikasi dan menangani duplikasi entri data operasional. Materi: Koordinasi dan Komunikasi Administrasi Regional Praktik Bulan ke-4 5–10 hari Praktik melakukan komunikasi profesional, penyiapan dokumen koordinasi kerja/surat dinas, serta pengelolaan administrasi pendukung untuk kegiatan koordinasi atau program rekrutmen/kemitraan di wilayah Region 3 Padang. Evaluasi & Pengendalian Kualitas Administrasi Praktik Bulan ke-5 5–10 hari Melakukan review berkala terhadap akurasi data yang diinput, membantu monitoring kepatuhan administrasi terhadap prosedur operasional baku (SOP), serta menyusun rekapitulasi data tindak lanjut evaluasi. Penyusunan Laporan Akhir Pemagangan (Project Akhir) Praktik Bulan ke-6 5–10 hari Penyusunan rangkuman aktivitas kerja, evaluasi kompetensi mandiri selama 6 bulan, serta penyelesaian tugas/projek akhir administrasi yang diberikan oleh mentor pendamping.",https://maganghub.kemnaker.go.id/magang-nasional/lowongan/rumpun-pengelolaan-hc-&-pengembangan-talent-a2355e8e-8f19-40b6-b743-2586acb181a3,Berhasil,1,,9.09,11.0,Sedang,Kota Padang,6cb4070a-fb44-4596-9d6c-2e76c8dd15e7,2026-07-25 22:16:05
11,Administrasi OSDM,Panduan FAQ Pendaftaran Masuk Beranda Lowongan Magang Detail Lowongan Batch 1 · 2026 Administrasi OSDM Rumah Sakit Umum Pusat Dr. M. Djamil Padang Kota Padang 5 hari/minggu Sarjana,Kota Padang,"Jl. Perintis Kemerdekaan, Sawahan Tim., Kec. Padang Tim., Kota Padang, Sumatera Barat 25129, Indonesia Alamat detail dikasih setelah lamaranmu diterima.",Sarjana,": Ilmu Kesehatan Masyarakat, Kesehatan Masyarakat, Sistem Informasi",5,Sabtu Minggu,3,28,"""1. Melaksanakan pengembangan, pengelolaan, pemeliharaan, dan evaluasi sistem informasi SDM,, penyusunan dashboard analitik, dukungan teknis aplikasi, serta pengembangan inovasi digital dalam rangka mendukung penyelenggaraan administrasi dan tata kelola SDM rumah sakit. 2. Melaksanakan pengelolaan teknologi informasi dan sistem informasi untuk mendukung pengelolaan organisasi, administrasi, pengembangan SDM, serta penyediaan data dan informasi yang akurat)""",,"Administrasi OSDM (6 materi) Orientasi Instansi dan Dasar Administrasi Kepegawaian Teori Bulan ke-1 20–25 hari Pembelajaran mengenai struktur organisasi instansi, tata kelola regulasi internal, serta dasar-dasar penyusunan naskah dinas formal (Nota Dinas, Surat Keputusan, Surat Perintah, dll.). Peserta juga dibekali pemahaman mengenai standar etika kerja dan komunikasi pelayanan di lingkungan instansi pemerintah. Manajemen Pengarsipan dan Digitalisasi Dokumen Praktik Bulan ke-2 20–25 hari Pembelajaran berfokus pada teknik penataan arsip kepegawaian secara konvensional dan implementasi digitalisasi dokumen (scanning, e-archiving). Peserta belajar mengklasifikasikan dokumen penting kepegawaian agar sistem pencarian data personel menjadi lebih cepat, aman, dan terstruktur. Pemanfaatan Teknologi Informasi untuk Database Personel Praktik Bulan ke-3 20–25 hari Pembelajaran mengenai pemanfaatan aplikasi web-based (seperti integrasi Google Sheets, Apps Script, atau SQL sederhana) untuk otomatisasi data kepegawaian. Peserta dilatih untuk mengelola pembaruan berkas administrasi berkala, melacak deadline dokumen penting, dan menyusun laporan data operasional staf secara efisien. Administrasi Manajemen Kinerja Pegawai (ASN) Praktik Bulan ke-4 20–25 hari Pembelajaran mengenai prosedur teknis penilaian kinerja, tata cara evaluasi kompetensi pegawai berdasarkan regulasi aparatur sipil, serta proses pemenuhan berkas kenaikan pangkat, mutasi, atau transisi status kepegawaian pegawai internal. Metode Pengembangan SDM (Coaching & Mentoring) Praktik Bulan ke-5 20–25 hari Pembelajaran mengenai implementasi model pendampingan performa kerja untuk meningkatkan produktivitas organisasi. Peserta magang dilatih membantu dan mengarahkan staf untuk mengatasi kendala kepegawaian (seperti verifikasi PDM, abon, SIMKA dan SISDMK) serta memetakan solusi untuk meningkatkan produktivitas kerja. Evaluasi Akhir Program dan Penyusunan Laporan Kinerja Praktik Bulan ke-6 20–25 hari Fase akhir yang berfokus pada penyusunan Laporan Evaluasi Kinerja kumulatif selama masa pemagangan. Peserta melakukan presentasi hasil kerja, mengevaluasi efektivitas sistem arsip/digitalisasi yang telah dibantu bangun, serta menyelesaikan serah terima tugas akhir sebelum pelepasan program.",https://maganghub.kemnaker.go.id/magang-nasional/lowongan/administrasi-osdm-a2431bcd-2a3e-4ec2-b432-5f64e552c713,Berhasil,1,,9.33,10.71,Sedang,Kota Padang,6cb4070a-fb44-4596-9d6c-2e76c8dd15e7,2026-07-25 22:16:05
12,Petugas Antar Kerja,"Panduan FAQ Pendaftaran Masuk Beranda Lowongan Magang Detail Lowongan Batch 1 · 2026 Petugas Antar Kerja BPVP Padang Kota Padang 5 hari/minggu Diploma, Sarjana",Kota Padang,"Sei Balang, Bandar Buat, Kota Padang Alamat detail dikasih setelah lamaranmu diterima.","Diploma, Sarjana",": Teknik Informatika, Ilmu Komunikasi, Sistem informasi, Ilmu Pemerintahan, Hubungan Masyarakat Dan Komunikasi Digital",5,Sabtu Minggu,1,10,"Membangun kemitraan dengan perusahaan/industri untuk penempatan kerja lulusan, Menjalin hubungan dan kerjasama dengan lembaga pemerintah,dan Stakeholder terkait",,Petugas Antar Kerja (15 materi) Pengenalan organisasi Teori Bulan ke-1 1–4 hari Mengenal lingkungan organisasi Pengenalan organisasi Praktik Bulan ke-1 1–4 hari Mengenal lingkungan organisasi Rencana Kerja Teori Bulan ke-1 1–4 hari Pelayanan informasi pasar kerja berbasis digital Implemetasi Rencana Kerja Praktik Bulan ke-1 1–18 hari Pelayanan informasi pelatihan berbasis digital Evaluasi Rencana Kerja Bulan Pertama Teori Bulan ke-2 1–5 hari Melakukan bimbingan dan penyuluhan jabatan berbasis digital Implemetasi Rencana Kerja Praktik Bulan ke-2 1–25 hari Melaksanakan kegiatan rekrutmen secara digital Evaluasi Rencana Kerja Bulan Kedua Teori Bulan ke-3 1–5 hari Melakukan analisis data yang menghasilkan informasi yang mendukung pengambilan keputusan Implemetasi Rencana Kerja Praktik Bulan ke-3 1–25 hari Mengidentifikasi dan menyelesaikan permasalahan terkait data maupun tampilan dashboard sesuai kebutuhan organisasi Evaluasi Rencana Kerja Bulan Ketiga Teori Bulan ke-4 1–5 hari Melakukan pembaruan (update) data secara berkala agar informasi selalu akurat Implemetasi Rencana Kerja Praktik Bulan ke-4 1–25 hari Membina hubungan dengan Dunia Usaha dan Dunia Industri (DUDI) Evaluasi Rencana Kerja Bulan Keempat Teori Bulan ke-5 1–5 hari Mengolah data dan informasi terkait pelatihan Implemetasi Rencana Kerja Praktik Bulan ke-5 1–25 hari Mengolah data dan informasi terkait penempatan Evaluasi Rencana Kerja Bulan Kelima Teori Bulan ke-6 1–5 hari Mengolah data dan informasi terkait kerjasama Implemetasi Rencana Kerja Praktik Bulan ke-6 1–20 hari Mengolah data dan informasi terkait bimbingan dan penyuluhan jabatan Evaluasi Akhir Teori Bulan ke-6 1–5 hari Melaksanakan tugas lain sesuai arahan pimpinan,https://maganghub.kemnaker.go.id/magang-nasional/lowongan/petugas-antar-kerja-a24381c1-1a2d-472e-a8eb-6aa5e837730e,Berhasil,1,,10.0,10.0,Sedang,Kota Padang,6cb4070a-fb44-4596-9d6c-2e76c8dd15e7,2026-07-25 22:16:05
13,Programmer,Panduan FAQ Pendaftaran Masuk Beranda Lowongan Magang Detail Lowongan Batch 1 · 2026 Programmer Rumah Sakit Umum Pusat Dr. M. Djamil Padang Kota Padang 5 hari/minggu Sarjana,Kota Padang,"Jl. Perintis Kemerdekaan, Sawahan Tim., Kec. Padang Tim., Kota Padang, Sumatera Barat 25129, Indonesia Alamat detail dikasih setelah lamaranmu diterima.",Sarjana,: Sistem Informasi,5,Sabtu Minggu,1,10,"1. Menganalisa dan mengimplementasikan Aplikasi terkait kebutuhan Kearsipan2. Mengembangkan dan mengelola database pengarsipan digital untuk memastikan penyimpanan dokumen resmi (seperti Nota Dinas, Surat Keputusan, dan laporan internal) terstruktur, aman, dan mudah diakses.",,"Programmer (6 materi) Pengenalan Pengembangan Aplikasi dan Analisis Kebutuhan Pengguna Teori Bulan ke-1 20–25 hari Memahami konsep dasar pemrograman, siklus pengembangan perangkat lunak (Software Development Life Cycle/SDLC), dasar-dasar basis data, serta melakukan identifikasi kebutuhan pengguna melalui observasi proses administrasi dan layanan Tata Usaha dan Rumah Tangga untuk menentukan solusi digital yang diperlukan. Perancangan Sistem dan Basis Data Praktik Bulan ke-2 20–25 hari Menyusun kebutuhan fungsional dan nonfungsional aplikasi, membuat flowchart, use case, dan rancangan antarmuka (UI), serta merancang basis data sederhana yang mendukung pengelolaan administrasi, arsip, maupun layanan rumah tangga. Pengembangan Aplikasi Praktik Bulan ke-3 20–25 hari Mengembangkan aplikasi berbasis web atau desktop sesuai kebutuhan unit kerja dengan mengimplementasikan fitur-fitur utama seperti autentikasi pengguna, pengelolaan data, input dan pencarian informasi, serta penyimpanan data ke dalam basis data. Integrasi Fitur dan Pengelolaan Data Praktik Bulan ke-4 20–25 hari Melakukan pengembangan lanjutan dengan mengintegrasikan seluruh fitur aplikasi, mengoptimalkan pengelolaan data, membuat laporan sederhana, serta memastikan aplikasi mendukung proses administrasi dan operasional Tata Usaha dan Rumah Tangga secara efektif. Pengujian, Perbaikan, dan Dokumentasi Sistem Praktik Bulan ke-5 20–25 hari Melaksanakan pengujian fungsional (functional testing), memperbaiki kesalahan (bug fixing), melakukan penyempurnaan antarmuka dan performa aplikasi, serta menyusun dokumentasi teknis dan panduan penggunaan aplikasi bagi pengguna di unit kerja. Implementasi, Pemeliharaan, dan Evaluasi Aplikasi Praktik Bulan ke-6 20–25 hari Melakukan implementasi aplikasi pada lingkungan kerja, memberikan pendampingan kepada pengguna, melakukan pemeliharaan awal, mengevaluasi efektivitas sistem berdasarkan masukan pengguna, serta menyusun laporan akhir magang dan rekomendasi pengembangan aplikasi di masa mendatang.",https://maganghub.kemnaker.go.id/magang-nasional/lowongan/programmer-a243549e-961f-4a7b-9abf-8cda3e22a561,Berhasil,1,,10.0,10.0,Sedang,Kota Padang,6cb4070a-fb44-4596-9d6c-2e76c8dd15e7,2026-07-25 22:16:05
14,Staff of Spare Part Planning,Panduan FAQ Pendaftaran Masuk Beranda Lowongan Magang Detail Lowongan Batch 1 · 2026 Staff of Spare Part Planning Semen Padang Kota Padang 5 hari/minggu Sarjana,Kota Padang,"Plaza Lantai 2, Kelurahan Indarung, Indarung, Kec. Lubuk Kilangan, Kota Padang, Sumatera Barat 25157, Indonesia Alamat detail dikasih setelah lamaranmu diterima.",Sarjana,: Sistem Informasi,5,Sabtu Minggu,1,10,"Membekali peserta dari Jurusan Sistem Informasi dengan kompetensi di bidang Otomatisasi Proses Bisnis (Business Process Automation) dengan memanfaatkan aplikasi berbasis Artificial Intelligence (AI) melalui pengalaman kerja nyata. Peserta akan mempelajari proses otomatisasi proses bisnis dan membangun konfrigurasi automatic workflow dengan memanfaatkan platform AI (seperti Zapier, n8n atau platform serupa) yang mendukung proses bisnis supply chain untuk perencanaan suku cadang.",,"Magang Perencanaan Suku Cadang Jurusan Sistem Informasi (6 materi) Fondasi & Pemahaman Proses Bisnis + Pengenalan Platform Otomatisasi Teori Bulan ke-1 30–30 hari 1. Pendahuluan Company Profile PT Semen Indonesia (Persero) Tbk 2. Pendahuluan Company Profile PT PT Semen Padang 3. Pendahuluan Core Bisnis dan Stakeholder Unit Perencanaan Suku Cadang 4. Mempelajari Standard Operating Procedure (SOP) di Unit Perencanaan Suku Cadang 5. Navigasi dasar sistem ERP SAP S/4HANA Modul MM (Material Management) 6. Memahami siklus perencanaan suku cadang, end to end procurement process dan optimasi inventory. 7. Memahami konsep dasar proses bisnis dan perbedaan proses manual vs. proses terotomatisasi (automated workflow). 8. Pengenalan lanskap platform otomatisasi no-code/low-code (Zapier, Make, Microsoft Power Automate, n8n) beserta karakteristik masing-masing. 9. Navigasi dasar Zapier: memahami konsep Zap, Trigger, Action, dan koneksi antar aplikasi (Apps). Analisis Kebutuhan & Pemetaan Workflow (Process Analysis & Workflow Mapping) Praktik Bulan ke-2 30–30 hari 1. Melakukan pemodelan proses bisnis kondisi berjalan (as-is process) menggunakan flowchart atau notasi business process modelling notation. 2. Mengidentifikasi kandidat otomatisasi berdasarkan kriteria terukur (frekuensi, volume, sifat rule-based, dan tingkat kerentanan terhadap human error). 3. Menyusun prioritas otomatisasi menggunakan Effort-Impact Matrix (perbandingan tingkat kesulitan vs. dampak). 4. Memetakan aliran data antar aplikasi (data flow): aplikasi apa yang terlibat, data apa yang berpindah, dan di mana titik integrasinya. 5. Merancang desain alur kerja terotomatisasi (to-be workflow) dengan pola Trigger → Condition → Action. Konfigurasi Otomatisasi Dasar (Basic Automation Building) Praktik Bulan ke-3 30–30 hari 1. Membangun Zap multi-langkah (multi-step) secara hands-on di Zapier. 2. Menghubungkan berbagai aplikasi (seperti Gmail, Google Sheets, Slack, Forms) melalui connector bawaan platform. 3. Melakukan pemetaan dan transformasi data antar langkah menggunakan fitur Filter, Formatter, dan Paths. 4. Memahami dasar autentikasi aplikasi (API key, OAuth) dan konsep Webhook. 5. Menerbitkan (deploy) automasi nyata pertama untuk mendukung salah satu proses di unit kerja. Integrasi AI & Otomatisasi Lanjutan (AI Integration & Advanced Automation) Praktik Bulan ke-4 30–30 hari 1. Ekstraksi data, ringkasan, hingga pembuatan draf otomatis). 2. Mengintegrasikan aplikasi AI (seperti AI by Zapier, OpenAI, atau Claude) ke dalam alur kerja. 3. Membangun workflow kompleks dengan logika percabangan kondisional (Paths), pengulangan (Loop), dan multi-cabang. 4. Menangani kesalahan dan kasus tepi (error handling, retry, edge cases) agar automasi tetap andal. 5. Menggunakan custom code step (JavaScript/Python) dan integrasi Webhook/API ketika connector bawaan tidak mencukupi. Pengujian, Validasi & Monitoring Kinerja (Testing, Validation & Monitoring) Praktik Bulan ke-5 30–30 hari 1. Melakukan pengujian dan validasi automasi menggunakan skenario uji dan pengecekan integritas data. 2. Memantau kesehatan automasi melalui Zap History, pelacakan error, dan penggunaan task (task usage). 3. Menyusun laporan kinerja dan/atau dashboard monitoring automasi menggunakan tools pendukung (seperti Google Sheets, Looker Studio, atau Zapier Interfaces/Tables). 4. Mengukur KPI utama automasi: waktu proses yang dihemat (time saved), penurunan tingkat kesalahan (error rate), tingkat keberhasilan task, dan jumlah proses yang berhasil diotomatisasi. 5. Menyusun dokumentasi workflow (workflow documentation) dan mulai merumuskan ide Continuous Improvement Project sebagai tugas akhir. Tugas Akhir & Presentasi Solusi Otomatisasi Praktik Bulan ke-6 30–30 hari 1. Menyelesaikan proyek otomatisasi mandiri (misal: otomatisasi pelaporan rutin, integrasi antar aplikasi untuk mengurangi input manual, atau workflow berbasis AI untuk pemrosesan dokumen/permintaan). 2. Mengukur dampak solusi secara kuantitatif (perbandingan before/after dari sisi waktu, biaya, atau tingkat kesalahan). 3. Menyusun dokumentasi akhir dan serah terima (handover) automasi kepada unit kerja. 4. Presentasi hasil kerja dan laporan magang di hadapan tim unit kerja dan manajemen terkait.",https://maganghub.kemnaker.go.id/magang-nasional/lowongan/staff-of-spare-part-planning-a24179bc-25f4-49fd-9dea-220367e75d9c,Berhasil,1,,10.0,10.0,Sedang,Kota Padang,6cb4070a-fb44-4596-9d6c-2e76c8dd15e7,2026-07-25 22:16:05
15,Administrasi Anggaran,"Panduan FAQ Pendaftaran Masuk Beranda Lowongan Magang Detail Lowongan Batch 1 · 2026 Administrasi Anggaran Rumah Sakit Umum Pusat Dr. M. Djamil Padang Kota Padang 5 hari/minggu Diploma, Sarjana",Kota Padang,"Jl. Perintis Kemerdekaan, Sawahan Tim., Kec. Padang Tim., Kota Padang, Sumatera Barat 25129, Indonesia Alamat detail dikasih setelah lamaranmu diterima.","Diploma, Sarjana",": Ekonomi, Sistem Informasi",5,Sabtu Minggu,1,11,1. Membantu pengumpulan data anggaran2. Mampu melaksanakan kegiatan dan cakap dlm pengoperasian komputer3.Melakukan penginputan data usulan anggaran ke dalam sistem aplikasi perencanaan keuangan resmi pemerintah atau aplikasi internal instansi.,,"Penguatan Kompetensi Perencanaan dan Penganggaran Rumah Sakit BLU (6 materi) Dasar-Dasar Perencanaan dan Penganggaran Rumah Sakit BLU Teori Bulan ke-1 20–25 hari Memahami konsep BLU, siklus perencanaan, hubungan Renstra, RSB, RBA, RKAKL, DIPA, serta peran Tim Kerja Perencanaan Anggaran. Penyusunan RBA, RKAKL dan DIPA Praktik Bulan ke-2 18–25 hari Teknik penyusunan RBA Definitif, RKAKL, TOR, RAB, ADK, serta sinkronisasi program, kegiatan, output dan anggaran sesuai regulasi terbaru. Monitoring Realisasi Anggaran dan Pengendalian Kinerja Praktik Bulan ke-3 20–25 hari Monitoring realisasi pendapatan dan belanja, analisis deviasi anggaran, forecasting, revisi anggaran, serta penyusunan rekomendasi tindak lanjut. Analisis Kinerja Anggaran dan Indikator Keuangan BLU Praktik Bulan ke-4 20–25 hari Analisis IKPA, NKA, cash flow, cost recovery rate, rasio keuangan BLU, indikator pelayanan, serta penyusunan executive summary untuk pimpinan. Penyusunan Laporan dan Evaluasi Perencanaan Anggaran Praktik Bulan ke-5 20–25 hari Penyusunan laporan evaluasi anggaran, laporan semester, laporan tahunan, paparan kepada Direksi, Dewan Pengawas, Kementerian Kesehatan dan Kementerian Keuangan. Pengembangan Strategi Perencanaan Anggaran Berbasis Risiko dan Digitalisasi Praktik Bulan ke-6 22–25 hari Penyusunan strategi anggaran berbasis risiko, efisiensi belanja, value for money, digitalisasi proses perencanaan melalui SIMRS, SAKTI, OM-SPAN, dan aplikasi pendukung lainnya.",https://maganghub.kemnaker.go.id/magang-nasional/lowongan/administrasi-anggaran-a2435a67-3379-4aee-acc9-874006494534,Berhasil,1,,11.0,9.09,Tinggi,Kota Padang,6cb4070a-fb44-4596-9d6c-2e76c8dd15e7,2026-07-25 22:16:05
16,Junior Mining Application Developer (Streamlit & Data Analytics),Panduan FAQ Pendaftaran Masuk Beranda Lowongan Magang Detail Lowongan Batch 1 · 2026 Junior Mining Application Developer (Streamlit & Data Analytics) Semen Padang Kota Padang 5 hari/minggu Sarjana,Kota Padang,"Plaza Lantai 2, Kelurahan Indarung, Indarung, Kec. Lubuk Kilangan, Kota Padang, Sumatera Barat 25157, Indonesia Alamat detail dikasih setelah lamaranmu diterima.",Sarjana,: Sistem Informasi,5,Sabtu Minggu,1,11,"Peserta magang akan terlibat dalam pengembangan aplikasi Dashboard Mining berbasis Python dan Streamlit untuk mendukung pelaporan, monitoring, dan analisis operasional pertambangan. Lingkup pekerjaan meliputi analisis kebutuhan sistem, pengelolaan basis data, pengembangan fitur aplikasi, integrasi data produksi dan stockpile, visualisasi data operasional, serta penyusunan dashboard kinerja yang mendukung pengambilan keputusan manajemen. Peserta juga akan membantu pengembangan modul pelaporan RKAB, monitoring produksi, monitoring alat tambang, dan pengolahan data teknis pertambangan secara digital. Selain itu, peserta akan melakukan pengujian aplikasi, dokumentasi sistem, dan implementasi solusi digital untuk meningkatkan efektivitas pengelolaan data operasional tambang.",,"Pengembangan Aplikasi Dashboard Mining Berbasis Streamlit untuk Pelaporan dan Monitoring Operasional Pertambangan (6 materi) Analisis Kebutuhan Sistem dan Pengenalan Operasional Pertambangan Praktik Bulan ke-1 20–30 hari Peserta mempelajari proses bisnis pertambangan, alur produksi, stockpile, pengangkutan, RKAB, dan pelaporan operasional. Peserta melakukan identifikasi kebutuhan pengguna, menyusun kebutuhan sistem, serta membuat dokumen Software Requirement Specification (SRS) sebagai dasar pengembangan aplikasi Dashboard Mining. Perancangan Database dan Pengolahan Data Operasional Tambang Praktik Bulan ke-2 20–30 hari Peserta merancang struktur database untuk menyimpan data produksi, stockpile, alat berat, hauling, dan realisasi RKAB. Peserta mempelajari SQL, PostgreSQL/MySQL, serta melakukan pengolahan data menggunakan Python dan Pandas untuk mendukung kebutuhan dashboard operasional. Pengembangan Dashboard Mining Berbasis Streamlit Praktik Bulan ke-3 20–30 hari Peserta mengembangkan antarmuka aplikasi menggunakan Streamlit, membuat form input data, autentikasi pengguna, navigasi halaman, serta dashboard visualisasi data produksi dan operasional tambang. Peserta juga mempelajari penerapan user experience (UX) dan user interface (UI) pada aplikasi. Visualisasi Data dan Monitoring Kinerja Operasional Praktik Bulan ke-4 20–30 hari Peserta mengembangkan fitur visualisasi data menggunakan grafik, tabel interaktif, dan indikator kinerja utama (KPI). Dashboard yang dikembangkan mencakup monitoring produksi harian, realisasi RKAB, stok material, produktivitas alat berat, dan performa operasional tambang. Integrasi Sistem dan Pengujian Aplikasi Praktik Bulan ke-5 20–30 hari Peserta melakukan integrasi database dengan aplikasi dashboard, melaksanakan pengujian fungsi aplikasi (testing), validasi data, perbaikan bug, optimasi performa sistem, serta penyempurnaan fitur pelaporan operasional untuk mendukung kebutuhan manajemen perusahaan. Implementasi, Dokumentasi, dan Presentasi Proyek Akhir Praktik Bulan ke-6 20–30 hari Peserta melakukan implementasi aplikasi pada lingkungan kerja, menyusun dokumentasi teknis dan panduan pengguna, melakukan pelatihan penggunaan aplikasi kepada pengguna internal, serta mempresentasikan hasil pengembangan Dashboard Mining sebagai proyek akhir program magang.",https://maganghub.kemnaker.go.id/magang-nasional/lowongan/junior-mining-application-developer-streamlit-&-data-analytics-a2417a32-0b0a-4330-9174-6c1a82620c1b,Berhasil,1,,11.0,9.09,Tinggi,Kota Padang,6cb4070a-fb44-4596-9d6c-2e76c8dd15e7,2026-07-25 22:16:05
17,Administrasi PEP,Panduan FAQ Pendaftaran Masuk Beranda Lowongan Magang Detail Lowongan Batch 1 · 2026 Administrasi PEP Rumah Sakit Umum Pusat Dr. M. Djamil Padang Kota Padang 5 hari/minggu Sarjana,Kota Padang,"Jl. Perintis Kemerdekaan, Sawahan Tim., Kec. Padang Tim., Kota Padang, Sumatera Barat 25129, Indonesia Alamat detail dikasih setelah lamaranmu diterima.",Sarjana,": Manajemen, Ekonomi, Sistem Informasi",5,Sabtu Minggu,2,22,"""1. Menyusun draft pelaporan Rawat Inap, Rawat Jalan, IGD2. Menyusun draft pelaporan bulanan3. Menyusun draft pelaporan Sirs Online terkait Operasi4. Menyusun draft pelaporan Laboratorium5. Merekap lapodarn dari unit-unit""",,"Pelaporan Kinerja (LAKIP) dan Manajemen Risiko (6 materi) Pengenalan SAKIP dan LAKIP serta Manajemen Risiko Teori Bulan ke-1 20–25 hari Memahami konsep dasar Sistem Akuntabilitas Kinerja Instansi Pemerintah (SAKIP), tujuan, manfaat, serta hubungan antara Renstra, Perjanjian Kinerja, IKU, dan LAKIP. Regulasi Pelaporan Kinerja dan Manajemen Risiko Praktik Bulan ke-2 20–25 hari Menghitung capaian indikator, membandingkan target dan realisasi, menganalisis faktor pendukung, hambatan, dan penyebab deviasi. Indikator Kinerja IKU dan Analisis Capaian Kinerja Praktik Bulan ke-3 20–25 hari Mempelajari karakteristik indikator kinerja yang baik (SMART), penyusunan target, serta keterkaitannya dengan sasaran strategis organisasi. Penyusunan Narasi Analisis Kinerja dan Manajemen Risiko Praktik Bulan ke-4 20–25 hari Menyusun narasi analisis yang sistematis, objektif, berbasis data, serta sesuai format LAKIP. Penyusunan Bab LAKIP dan Manajemen Risiko Praktik Bulan ke-5 20–24 hari Praktik menyusun bagian-bagian LAKIP mulai dari Pendahuluan, Perencanaan Kinerja, Akuntabilitas Kinerja, hingga Penutup. Simulasi Penyusunan LAKIP dan Manajemen Risiko Praktik Bulan ke-6 20–25 hari Peserta menyusun mini LAKIP berdasarkan data simulasi atau data unit kerja, kemudian dipresentasikan dan dievaluasi oleh mentor.",https://maganghub.kemnaker.go.id/magang-nasional/lowongan/administrasi-pep-a243379c-5e6d-438b-bac2-f2e8d867f5e8,Berhasil,1,,11.0,9.09,Tinggi,Kota Padang,6cb4070a-fb44-4596-9d6c-2e76c8dd15e7,2026-07-25 22:16:05
18,Administrasi Pelaksanaan Keuangan,"Panduan FAQ Pendaftaran Masuk Beranda Lowongan Magang Detail Lowongan Batch 1 · 2026 Administrasi Pelaksanaan Keuangan Rumah Sakit Umum Pusat Dr. M. Djamil Padang Kota Padang 5 hari/minggu Diploma, Sarjana",Kota Padang,"Jl. Perintis Kemerdekaan, Sawahan Tim., Kec. Padang Tim., Kota Padang, Sumatera Barat 25129, Indonesia Alamat detail dikasih setelah lamaranmu diterima.","Diploma, Sarjana",": Manajemen, Ekonomi, Sistem Informasi",5,Sabtu Minggu,2,23,"""1. Membuat SPMT Belanja Gaji Pegawai2. Membuat Buku Pembantu Bank3. Melakukan rekonsiliasi data rekening dengan Bendahara4. Menginput data tagihan Piutang Umum, IKS dan Asuransi5. Merekap laporan piutang""",,"Administrasi dan Pelaksanaan Keuangan (6 materi) Orientasi Dasar Keuangan Negara Teori Bulan ke-1 20–25 hari Pembelajaran mengenai struktur organisasi instansi dan tata kelola keuangan internal. Peserta juga diajarkan regulasi keuangan negara, standar etika kerja, dan komunikasi koordinatif antartim kerja. Manajemen Pengarsipan & Digitalisasi Dokumen Keuangan Praktik Bulan ke-2 20–25 hari Pembelajaran berfokus pada teknik pencatatan, verifikasi berkas secara konvensional, dan implementasi digitalisasi dokumen keuangan (e-archiving). Peserta belajar mengklasifikasikan bukti pengeluaran (kuitansi, nota, faktur) agar sistem pencarian data keuangan aman dan terstruktur. Pemanfaatan Teknologi Informasi & Aplikasi Keuangan Praktik Bulan ke-3 20–25 hari Pembelajaran mengenai pemanfaatan spreadsheet (Excel/Google Sheets) tingkat lanjut dan pengenalan aplikasi sistem keuangan. Peserta dilatih menginput data tagihan, melakukan rekonsiliasi berkas, serta menyusun database operasional realisasi kas harian. Administrasi Pembayaran & Verifikasi Anggaran Praktik Bulan ke-4 19–25 hari Pembelajaran mengenai prosedur pengujian dokumen tagihan, mekanisasi SPP (Surat Permintaan Pembayaran), SPM (Surat Memerintah Membayar), dan kepatuhan pajak. Peserta menganalisis kesesuaian berkas belanja berdasarkan pagu anggaran yang tersedia. Digitalisasi Perpajakan: Pembuatan e-Billing & Pembuatan e-Bupot Praktik Bulan ke-5 20–25 hari Praktik menggunakan portal DJP Online untuk membuat kode billing pajak berdasarkan potongan di SAKTI. Peserta dilatih menerbitkan Bukti Potong (Bupot) melalui aplikasi e-Bupot Unifikasi Instansi Pemerintah dan menyusun draf laporan SPT Masa. Operasional SAKTI Modul Pembayaran (SPP & SPM) Praktik Bulan ke-6 20–25 hari Pembelajaran mekanisme pembuatan Surat Permintaan Pembayaran (SPP) dan Surat Perintah Membayar (SPM) untuk jenis dokumen LS (Langsung) maupun UP/GUP (Uang Persediaan). Peserta melatih ketelitian mencocokan draf pembayaran dengan pagu anggaran sisa di SAKTI.",https://maganghub.kemnaker.go.id/magang-nasional/lowongan/administrasi-pelaksanaan-keuangan-a24338ee-c204-4f95-bfde-8c4bbfa849da,Berhasil,1,,11.5,8.7,Tinggi,Kota Padang,6cb4070a-fb44-4596-9d6c-2e76c8dd15e7,2026-07-25 22:16:05
19,Pranata Hubungan Masyarakat,Panduan FAQ Pendaftaran Masuk Beranda Lowongan Magang Detail Lowongan Batch 1 · 2026 Pranata Hubungan Masyarakat Balai Standardisasai dan Pelayanan Jasa Industri Padang Kota Padang 5 hari/minggu Sarjana,Kota Padang,"Jalan Raya LIK Ulu Gadut No.23, Limau Manis Sel., Kec. Pauh, Kota Padang, Sumatera Barat 25164, Indonesia Alamat detail dikasih setelah lamaranmu diterima.",Sarjana,": Ilmu Komunikasi, Sistem Informasi",5,Sabtu Minggu,2,24,"Pengelolaan dan pelayanan informasi kehumasan, seperti menganalisis isu publik, menyusun program, mengolah konten media, dan merancang konferensi pers",,"Pranata Hubungan Masyarakat (6 materi) Orientasi di tempat kerja, mempelajari peraturan yang berhubungan dengan Pranata Hubungan Masyarakat Teori Bulan ke-1 20–22 hari Diharapkan peserta magang pada minggu pertama memahami tempat kerja, selanjutnya memahami semua peraturan yang berhubungan dengan Pranata Hubungan Masyarakat Perencanaan Praktik Bulan ke-2 20–22 hari Diharapkan peserta magang menyusun rencana program pelayanan informasi dan kehumasan sesuai peraturan yang berlaku berdasarkan tugas pokok dan fungsi dari BSPJI Padang Pelayanan Informasi Praktik Bulan ke-3 20–22 hari Diharapkan peserta magang mengumpulkan, mengolah, dan menyajikan data serta informasi publik berdasarkan tugas pokok dan fungsi dari BSPJI Padang Hubungan Kelembagaan & Personel Praktik Bulan ke-4 20–22 hari Diharapkan peserta magang dapat membangun dan mengelola komunikasi yang baik sebagai penyebarluasan dan promosi pada publik eksternal melalui media sosial Pengkajian kendala yang ada Praktik Bulan ke-5 20–22 hari Diharapkan peserta magang dapat memonitor, menganalisis isu publik, dan menelaah opini yang berkembang di masyarakat terkait BSPJI Padang di kalangan IKM Pengembangan Praktik Bulan ke-6 20–20 hari Diharapkan peserta magang dapat merancang strategi inovasi untuk meningkatkan layanan pada BSPJI Padang agar lebih dikenal luas oleh masyarkat dan IKM, minggu terakhir membuat laporan",https://maganghub.kemnaker.go.id/magang-nasional/lowongan/pranata-hubungan-masyarakat-a2432087-1fd4-4d60-af5c-0270f1c58125,Berhasil,1,,12.0,8.33,Tinggi,Kota Padang,6cb4070a-fb44-4596-9d6c-2e76c8dd15e7,2026-07-25 22:16:05
20,Junior Staf SHE,Panduan FAQ Pendaftaran Masuk Beranda Lowongan Magang Detail Lowongan Batch 1 · 2026 Junior Staf SHE Semen Padang Kota Padang 5 hari/minggu Sarjana,Kota Padang,"Jl. Semen Padang, Indarung, Kec. Lubuk Kilangan, Kota Padang, Sumatera Barat, Indonesia Alamat detail dikasih setelah lamaranmu diterima.",Sarjana,": Teknik Informatika, Teknik Lingkungan, Teknik Industri",5,Sabtu Minggu,3,36,"Membantu unit kerja dalam pengelolaan keselamatan, kesehatan kerja dan lingkungan hidup. Mempelajari dan memahami pengelolaan keselamatan, kesehatan kerja dan lingkungan hidup yang berlaku di perusahaan. Setelah pembelajaran, dilanjut pengaplikasian di lapangan serta membuat inovasi atau program improvement.",,"Pengelolaan Keselamatan, Kesehatan Kerja dan Lingkungan Hidup (7 materi) Orientasi Profil Perusahaan dan Administrasi Teori Bulan ke-1 1–5 hari Pengenalan perusahaan di diklat, pembekalan K3 dan lingkungan hidup. Pembagian tugas di unit kerja sesuai bidang masing-masing yaitu bidang keselamatan kerja, bidang kesehatan kerja dan bidang lingkungan hidup. Teori Bulan ke-2 1–22 hari Pengenalan pengelolaan keselamatan kerja, kesehatan kerja dan lingkungan hidup yang dilakukan oleh perusahaan. Pengelolaan keselamatan, kesehatan kerja dan lingkungan hidup Teori Bulan ke-3 1–22 hari Mempelajari pengelolaan keselamatan, kesehatan kerja dan lingkungan hidup seperti prosedur dan instruksi kerja, inspeksi & pemantauan K3LH, budaya K3LH dan sistem tanggap darurat serta izin-izin yang dibutuhkan dalam melakukan pekerjaan. Pengelolaan keselamatan, kesehatan kerja dan lingkungan hidup Praktik Bulan ke-4 1–22 hari Mengaplikasikan pembelajaran terkait pengelolaan keselamatan, kesehatan kerja dan lingkungan hidup seperti prosedur dan instruksi kerja, inspeksi & pemantauan K3LH, pembuatan laporan kerja, budaya K3LH dan sistem tanggap darurat serta izin-izin yang dibutuhkan dalam melakukan pekerjaan sehingga membantu unit kerja dalam melakukan pekerjaan. Pengelolaan Keselamatan, Kesehatan Kerja dan Lingkungan Hidup Praktik Bulan ke-5 1–22 hari Membuat inovasi atau program improvement dari kegiatan pembelajaran dan pengaplikasian pekerjaan selama di unit kerja terkait pengelolaan keselamatan, kesehatan kerja dan lingkungan hidup. Pengelolaan Keselamatan, Kesehatan Kerja dan Lingkungan Hidup Teori Bulan ke-6 1–22 hari Membuat inovasi atau program improvement dari kegiatan pembelajaran dan pengaplikasian pekerjaan selama di unit kerja terkait pengelolaan keselamatan, kesehatan kerja dan lingkungan hidup serta mempresentasikan hasil inovasi atau program improvement. Orientasi di Unit Kerja Teori Bulan ke-1 1–20 hari Pengenalan unit kerja dan lingkup pekerjaan.",https://maganghub.kemnaker.go.id/magang-nasional/lowongan/junior-staf-she-a2410b19-80b9-4450-8694-0c7a0b08fd79,Berhasil,1,,12.0,8.33,Tinggi,Kota Padang,6cb4070a-fb44-4596-9d6c-2e76c8dd15e7,2026-07-25 22:16:05
21,IT Hardware & Network Maintenance Intern,"Panduan FAQ Pendaftaran Masuk Beranda Lowongan Magang Detail Lowongan Batch 1 · 2026 IT Hardware & Network Maintenance Intern Rumah Sakit Umum Pusat Dr. M. Djamil Padang Kota Padang 5 hari/minggu Diploma, Sarjana",Kota Padang,"Jl. Perintis Kemerdekaan, Sawahan Tim., Kec. Padang Tim., Kota Padang, Sumatera Barat 25129, Indonesia Alamat detail dikasih setelah lamaranmu diterima.","Diploma, Sarjana",": Teknik Informatika, Teknik Komputer, Teknik Telekomunikasi",5,Sabtu Minggu,3,37,"""1. Melakukan inspeksi dan preventive maintenance (pemeliharaan rutin) terhadap komputer, laptop, dan printer di berbagai depo, poli, dan bangsal rawat inap.2. Menangani keluhan tingkat pertama terkait hardware dan koneksi jaringan (troubleshooting komputer mati, tidak bisa cetak/print, putus koneksi internet/intranet).3. Membantu tim infrastruktur melakukan pendataan aset IT dan inventarisasi IP Address perangkat user (sebagai bagian dari kebijakan Whitelisting IP untuk keamanan RME).4. Membantu instalasi, pendistribusian perangkat baru, dan pemeliharaan pada titik-titik switch distribusi di seluruh area rumah sakit di bawah supervisi staf senior.""",,"IT Hardware & Network Maintenance Intern (6 materi) Orientasi Infrastruktur TI Rumah Sakit dan Dasar IT Support Teori Bulan ke-1 20–25 hari Peserta mempelajari struktur Instalasi SIMRS, standar operasional layanan TI rumah sakit, pengenalan perangkat komputer, laptop, printer, jaringan LAN/WAN, serta prosedur keselamatan kerja. Peserta juga memahami alur pelayanan helpdesk dan dokumentasi pekerjaan IT. Preventive Maintenance Hardware dan Peripheral Praktik Bulan ke-2 20–25 hari Pembelajaran berfokus pada inspeksi, pembersihan, perawatan, dan pemeliharaan preventif komputer, laptop, printer, scanner, dan perangkat pendukung lainnya. Peserta mempelajari teknik identifikasi kerusakan ringan serta pencatatan hasil maintenance secara berkala. Troubleshooting Hardware, Printer, dan Jaringan Dasar Praktik Bulan ke-3 20–25 hari Peserta mempelajari proses penanganan gangguan perangkat keras, printer, koneksi LAN, internet, dan perangkat jaringan dasar. Materi meliputi diagnosis masalah, penggantian komponen sederhana, konfigurasi dasar jaringan, serta penyelesaian insiden sesuai SOP layanan TI rumah sakit. Pengelolaan Infrastruktur TI dan Inventarisasi Aset Praktik Bulan ke-4 20–25 hari Peserta mempelajari proses inventarisasi perangkat TI, pendataan aset, pencatatan IP Address, dokumentasi topologi jaringan sederhana, pelabelan perangkat, serta pengelolaan database aset untuk mendukung keamanan dan keberlanjutan operasional SIMRS. Implementasi Instalasi dan Pemeliharaan Infrastruktur Jaringan Praktik Bulan ke-5 20–25 hari Pembelajaran mengenai instalasi komputer, pemasangan printer, konfigurasi dasar perangkat jaringan, pemasangan kabel jaringan, pemeliharaan switch distribusi, serta pendampingan teknisi senior dalam implementasi infrastruktur TI rumah sakit. Evaluasi Layanan IT Support dan Dokumentasi Pemeliharaan Praktik Bulan ke-6 20–25 hari Peserta melakukan evaluasi hasil kegiatan pemeliharaan perangkat TI, menyusun laporan preventive maintenance, mendokumentasikan penyelesaian gangguan (troubleshooting report), mempresentasikan hasil magang, serta memberikan rekomendasi peningkatan kualitas layanan IT Hardware & Network Maintenance.",https://maganghub.kemnaker.go.id/magang-nasional/lowongan/it-hardware-&-network-maintenance-intern-a24358ab-4a0c-43bd-bbc3-8f7148dd9b50,Berhasil,1,,12.33,8.11,Tinggi,Kota Padang,6cb4070a-fb44-4596-9d6c-2e76c8dd15e7,2026-07-25 22:16:05
22,PRANATA KOMPUTER,Panduan FAQ Pendaftaran Masuk Beranda Lowongan Magang Detail Lowongan Batch 1 · 2026 PRANATA KOMPUTER KANTOR WILAYAH DIREKTORAT JENDERAL IMIGRASI SUMATERA BARAT Kota Padang 5 hari/minggu Sarjana,Kota Padang,"Jl. S. Parman No.256, Ulak Karang Utara, Kec. Padang Utara, Kota Padang, Sumatera Barat, Indonesia Alamat detail dikasih setelah lamaranmu diterima.",Sarjana,": Teknik Informatika, Ilmu Komputer, Sistem Komputer, Teknik Komputer dan Jaringan, Teknik Komputer",5,Sabtu Minggu,2,25,"Melaksanakan kegiatan pendukung penyelenggaraan teknologi informasi berbasis komputer melalui pengelolaan data, pengembangan dan pemeliharaan sistem informasi, dukungan operasional perangkat keras, perangkat lunak dan jaringan, penyusunan dokumentasi teknis, serta pemberian layanan bantuan teknis kepada pengguna guna mendukung kelancaran pelaksanaan tugas organisasi. Ruang lingkup ini sejalan dengan tugas Jabatan Fungsional Pranata Komputer yang berfokus pada tata kelola TI, infrastruktur TI, serta sistem informasi dan multimedia.",,"BATCH 1 - AKT 2 (6 materi) Orientasi Program Teori Bulan ke-1 1–21 hari Pengenalan perusahaan/instansi Budaya kerja dan etika profesi Keselamatan dan Kesehatan Kerja (K3) Pembalajaran Teknis Praktik Bulan ke-2 1–21 hari Kompetensi sesuai bidang magang (misalnya administrasi, IT, pemasaran, keuangan, SDM, manufaktur, dan lain-lain) Penggunaan aplikasi, alat, atau sistem kerja yang digunakan di tempat magang. Soft Skills Praktik Bulan ke-3 1–21 hari Komunikasi efektif Kerja sama tim Disiplin dan tanggung jawab Problem solving Manajemen waktu Adaptasi di lingkungan kerja. Praktik Kerja Praktik Bulan ke-4 1–21 hari Mengerjakan tugas nyata di bawah bimbingan mentor. Mencapai target kompetensi yang telah ditetapkan. Monitoring dan Evaluasi Praktik Bulan ke-5 1–21 hari Pengisian laporan harian dan absensi. Penilaian oleh mentor. Evaluasi capaian kompetensi. Penutup Program Praktik Bulan ke-6 1–21 hari Penyusunan laporan akhir. Presentasi hasil (jika dipersyaratkan). Penerbitan sertifikat,",https://maganghub.kemnaker.go.id/magang-nasional/lowongan/pranata-komputer-a2440a07-ce6b-4a47-b97e-3c1fa967d146,Berhasil,1,,12.5,8.0,Tinggi,Kota Padang,6cb4070a-fb44-4596-9d6c-2e76c8dd15e7,2026-07-25 22:16:05
23,Administrasi IRM,"Panduan FAQ Pendaftaran Masuk Beranda Lowongan Magang Detail Lowongan Batch 1 · 2026 Administrasi IRM Rumah Sakit Umum Pusat Dr. M. Djamil Padang Kota Padang 5 hari/minggu Diploma, Sarjana",Kota Padang,"Jl. Perintis Kemerdekaan, Sawahan Tim., Kec. Padang Tim., Kota Padang, Sumatera Barat 25129, Indonesia Alamat detail dikasih setelah lamaranmu diterima.","Diploma, Sarjana",: Sistem Informasi,5,Sabtu Minggu,1,13,1. Melakukan pendaftaran dan verifikasi kelengkapan berkas pasien (termasuk validasi status penjaminan seperti BPJS/Umum serta sinkronisasi proses verifikasi/fingerprint pasien sebelum tindakan).2. Membantu registrasi pasien / mencetak kwitansi pasien / menginput tindakan setiap hari 3. Mempersiapkan kelengkapan dokumen rekam medis atau catatan pasien yang diperlukan oleh Dokter Spesialis KFR (Kedokteran Fisik dan Rehabilitasi) maupun terapis sebelum pelayanan dimulai.,,"Administrasi IRM (6 materi) Orientasi Instalasi, Registrasi Pasien dan Alur Berkas Teori Bulan ke-1 20–25 hari Pengenalan sturktur organisasi, alur kerja, tugas pokok dan fungsi serta tata kelola administrasi di IRM Registrasi pasien IRM (pembagian pasien berdasarkan profesi),memperhatikan jadwal tindakan pasien Praktik Bulan ke-2 20–25 hari Peserta magang dapat melakukan registrasi pasien di IRM sesuai alur Input pelayanan pasien di IRM Praktik Bulan ke-3 20–25 hari Peserta magang mampu menginput jenis tindakan dan kegiatan yang dilakukan setiap kunjungan pasien Input billing (biaya) pasien setelah tindakan Praktik Bulan ke-4 19–25 hari Peserta magang mampu menginput biaya pasien sesuai tindakan yang dilakukan Input jumlah layanan dokter, fisioterapi, terapi wicara, okupasi terapi, psikolog dan sosial worker setiap hari Praktik Bulan ke-5 20–25 hari Peserta magang mampu membuat jumlah layanan setiap hari Evaluasi Mutu Rehab Medik dan Laporan Akhir Praktik Bulan ke-6 20–25 hari Penyelesaian serah terima tugas akhir peserta magang",https://maganghub.kemnaker.go.id/magang-nasional/lowongan/administrasi-irm-a243493e-5aff-4427-97eb-1a5a22ae5eda,Berhasil,1,,13.0,7.69,Tinggi,Kota Padang,6cb4070a-fb44-4596-9d6c-2e76c8dd15e7,2026-07-25 22:16:05
24,Asisten Pranata Komputer,Panduan FAQ Pendaftaran Masuk Beranda Lowongan Magang Detail Lowongan Batch 1 · 2026 Asisten Pranata Komputer BPS Provinsi SUMATERA BARAT Kota Padang 5 hari/minggu Sarjana,Kota Padang,"Jl. Khatib Sulaiman No.48, Lolong Belanti, Kec. Padang Utara, Kota Padang, Sumatera Barat 25173, Indonesia Alamat detail dikasih setelah lamaranmu diterima.",Sarjana,": Teknik Informatika, Teknologi Informasi, Ilmu Komputer, Sistem informasi, Teknik Komputer",5,Sabtu Minggu,1,14,"Membantu pengelolaan sistem teknologi informasi, termasuk pemeliharaan perangkat keras dan lunak, dukungan teknis pengguna, pengelolaan jaringan, serta membantu pengembangan aplikasi sederhana.",,"Kurikulum Teknologi Informasi dan Dukungan Sistem (6 materi) Infrastruktur TI BPS Teori Bulan ke-1 1–25 hari Memahami perangkat keras, jaringan, keamanan informasi, dan sistem informasi BPS. Dasar Pengembangan Aplikasi Teori Bulan ke-2 1–25 hari Mempelajari dasar basis data, pemrograman sederhana, dan pengembangan aplikasi. Dukungan Helpdesk TI Praktik Bulan ke-3 1–25 hari Membantu penyelesaian permasalahan perangkat keras maupun perangkat lunak. Pengelolaan Basis Data Praktik Bulan ke-4 1–25 hari Membantu pengelolaan database dan administrasi sistem informasi. Pengembangan Aplikasi Sederhana Praktik Bulan ke-5 1–25 hari Membuat fitur sederhana atau dashboard pendukung pekerjaan unit. Dokumentasi Sistem Praktik Bulan ke-6 1–25 hari Menyusun dokumentasi teknis dan laporan pengembangan sistem.",https://maganghub.kemnaker.go.id/magang-nasional/lowongan/asisten-pranata-komputer-a23f82d8-e798-4970-bf79-8d4b82ae67ed,Berhasil,1,,14.0,7.14,Tinggi,Kota Padang,6cb4070a-fb44-4596-9d6c-2e76c8dd15e7,2026-07-25 22:16:05
25,Pengolah Data dan Informasi,"Panduan FAQ Pendaftaran Masuk Beranda Lowongan Magang Detail Lowongan Batch 1 · 2026 Pengolah Data dan Informasi BPVP Padang Kota Padang 5 hari/minggu Diploma, Sarjana",Kota Padang,"Sei Balang, Bandar Buat, Kota Padang Alamat detail dikasih setelah lamaranmu diterima.","Diploma, Sarjana",": Ilmu Komputer, Administrasi, Sistem informasi, Sistem Informasi Visual, Teknik Komputer",5,Sabtu Minggu,2,35,"Mengumpulkan, menyusun dan menyajikan data dan informasi dengan cara mengumpulkan, mengolah dan menyusun data ke dalam file secara sistematis untuk menunjang kelancaran pelaksanaan kegiatan",,"Pengolah Data dan Informasi (6 materi) Pengenalan BPVP Padang dan Pengelolaan Data Teori Bulan ke-1 1–30 hari Mengenal tugas dan fungsi BPVP Padang, struktur organisasi, proses bisnis, serta peran Unit Penyelenggara dan Produktivitas di BPVP Padang. Pengumpulan dan Pengolahan Data Praktik Bulan ke-2 1–30 hari Mengumpulkan data dari berbagai sumber, Melakukan entry data secara benar dan sistematis, Validasi, verifikasi, dan pembersihan (data cleaning), Mengelola database sederhana menggunakan Microsoft Excel, Menggunakan rumus, tabel, filter, sort, dan validasi data, dan Menyusun arsip digital yang rapi dan mudah ditelusuri. Analisis Data dan Penyajian Informasi Praktik Bulan ke-3 1–30 hari Mengolah data statistik sederhana, Membuat Pivot Table dan Pivot Chart, Menyusun grafik, infografis, dan dashboard sederhana, Menginterpretasikan hasil pengolahan data, Menyusun laporan berkala berdasarkan hasil analisis data, dan Menyajikan informasi dalam bentuk presentasi yang komunikatif. Pengelolaan Data Pelatihan dan Produktivitas Praktik Bulan ke-4 1–30 hari Mengelola data peserta pelatihan vokasi, Mengolah data instruktur, kelas, dan jadwal pelatihan, Mengelola data monitoring dan evaluasi pelatihan, Menyusun rekapitulasi data produktivitas, Membuat laporan capaian kegiatan menggunakan format BPVP Padang, dan Berkolaborasi dengan unit kerja dalam penyediaan data. Digitalisasi Dokumen dan Pelaporan Praktik Bulan ke-5 1–30 hari Melakukan digitalisasi dokumen administrasi, Mengelola penyimpanan berbasis cloud (Google Drive/OneDrive), Membuat template laporan dan surat otomatis menggunakan Microsoft Office, Menyusun laporan bulanan dan rekapitulasi data, Menjaga keamanan data, backup data, dan pengendalian dokumen elektronik. Proyek Akhir Pengelolaan Data dan Informasi Praktik Bulan ke-6 1–30 hari Mengelola data mulai dari pengumpulan, validasi, analisis hingga penyajian laporan, Menyusun dashboard atau laporan komprehensif kegiatan BPVP Padang, Menyajikan hasil pekerjaan kepada mentor, Melakukan evaluasi hasil kerja dan perbaikan berdasarkan masukan mentor, dan Menyusun portofolio hasil magang sebagai bukti kompetensi Pengolah Data dan Informasi.",https://maganghub.kemnaker.go.id/magang-nasional/lowongan/pengolah-data-dan-informasi-a24386cd-0bae-49dd-8573-b09e8beedaaf,Berhasil,1,,17.5,5.71,Tinggi,Kota Padang,6cb4070a-fb44-4596-9d6c-2e76c8dd15e7,2026-07-25 22:16:05
26,Junior Staff Data Analis / ( Programmer ),Panduan FAQ Pendaftaran Masuk Beranda Lowongan Magang Detail Lowongan Batch 1 · 2026 Junior Staff Data Analis / ( Programmer ) Semen Padang Kota Padang 5 hari/minggu Sarjana,Kota Padang,"Indarung, Lubuk Kilangan, Padang City, West Sumatra 25157, Indonesia Alamat detail dikasih setelah lamaranmu diterima.",Sarjana,": Sistem Informasi, Teknik informatika",5,Sabtu Minggu,1,18,"- Memahami proses bisnis penerimaan, penimbangan, penyimpanan, dan pengeluaran material curah.- Memahami alur data dari supplier hingga stockpile sampai dengan persiapan dokumen pembayaran.- Mengoperasikan / Membuat Dokumen Laporan penerimaan & Pmenyimpananmaterial curah .- Membuat dashboard monitoring Berbasis Web Base - Menyusun laporan operasional dan memberikan usulan perbaikan proses.- Menyelesaikan proyek akhir berupa pengembangan atau penyempurnaan aplikasi/dashboard.",,"Unit Pengelolaan Gudang / Tenik Informatika (6 materi) Pengenalan perusahaan, K3, proses bisnis penerimaan & Penyimpanan material curah, jenis batubara, alur dokumen (PO, DO, tiket timbang dan dokumen lainnya). Teori Bulan ke-1 1–30 hari Sistem aplikasi penerimaan material, SAP dasar, Aplikasi Timbangan, input data , validasi data & pelaporan. Praktik Bulan ke-2 1–30 hari Analisis proses, kebutuhan sistem dalam bentuk pelaporan dalam bentuk web base Teori Bulan ke-3 1–30 hari Persiapan Pembuatan / Disain dashboard berbasis web base Praktik Bulan ke-4 1–30 hari Pembuatan Dashboard berbasis Web Base Praktik Bulan ke-5 1–30 hari Proyek akhir, presentasi hasil, evaluasi. Praktik Bulan ke-6 1–30 hari",https://maganghub.kemnaker.go.id/magang-nasional/lowongan/junior-staff-data-analis---programmer--a23f53ad-1864-42b0-83ef-90970ca7a98c,Berhasil,1,,18.0,5.56,Tinggi,Kota Padang,6cb4070a-fb44-4596-9d6c-2e76c8dd15e7,2026-07-25 22:16:05
